"department","program","account_name","bank_code","allocation_year","semester_code","male_fees","female_fees","semester","year_semester","upto_7_days_fine","upto_84_days_fine","installment1","installment2","installment3","installment4","start_date","end_date","end_date2","end_date3"
"Architecture","UG","CEPT FACULTY OF ARCHITECTURE","FCCFAR","2013","10","0","0","S","2022","250","500","","","","","07/13/2021 12:00:00 PM","07/26/2021 12:00:00 PM","08/09/2021 12:00:00 AM","09/06/2021 12:00:00 AM"
"Architecture","UG","CEPT FACULTY OF ARCHITECTURE","FCCFAR","1989","10","125000","125000","S","2022","250","500","","","","","07/13/2021 12:00:00 PM","07/26/2021 12:00:00 PM","08/09/2021 12:00:00 AM","09/06/2021 12:00:00 AM"
"Architecture","UG","CEPT FACULTY OF ARCHITECTURE","FCCFAR","1999","10","125000","125000","S","2022","250","500","","","","","07/13/2021 12:00:00 PM","07/26/2021 12:00:00 PM","08/09/2021 12:00:00 AM","09/06/2021 12:00:00 AM"
"Architecture","UG","CEPT FACULTY OF ARCHITECTURE","FCCFAR","2002","10","125000","125000","S","2022","250","500","","","","","07/13/2021 12:00:00 PM","07/26/2021 12:00:00 PM","08/09/2021 12:00:00 AM","09/06/2021 12:00:00 AM"
"Architecture","UG","CEPT FACULTY OF ARCHITECTURE","FCCFAR","2003","10","125000","125000","S","2022","250","500","","","","","07/13/2021 12:00:00 PM","07/26/2021 12:00:00 PM","08/09/2021 12:00:00 AM","09/06/2021 12:00:00 AM"
"Architecture","UG","CEPT FACULTY OF ARCHITECTURE","FCCFAR","2004","10","125000","125000","S","2022","250","500","","","","","07/13/2021 12:00:00 PM","07/26/2021 12:00:00 PM","08/09/2021 12:00:00 AM","09/06/2021 12:00:00 AM"
"Architecture","UG","CEPT FACULTY OF ARCHITECTURE","FCCFAR","2005","10","125000","125000","S","2022","250","500","","","","","07/13/2021 12:00:00 PM","07/26/2021 12:00:00 PM","08/09/2021 12:00:00 AM","09/06/2021 12:00:00 AM"
"Architecture","UG","CEPT FACULTY OF ARCHITECTURE","FCCFAR","2006","10","125000","125000","S","2022","250","500","","","","","07/13/2021 12:00:00 PM","07/26/2021 12:00:00 PM","08/09/2021 12:00:00 AM","09/06/2021 12:00:00 AM"
"Architecture","UG","CEPT FACULTY OF ARCHITECTURE","FCCFAR","2007","10","125000","125000","S","2022","250","500","","","","","07/13/2021 12:00:00 PM","07/26/2021 12:00:00 PM","08/09/2021 12:00:00 AM","09/06/2021 12:00:00 AM"
"Architecture","UG","CEPT FACULTY OF ARCHITECTURE","FCCFAR","2008","10","125000","125000","S","2022","250","500","","","","","07/13/2021 12:00:00 PM","07/26/2021 12:00:00 PM","08/09/2021 12:00:00 AM","09/06/2021 12:00:00 AM"
"Architecture","UG","CEPT FACULTY OF ARCHITECTURE","FCCFAR","2009","10","125000","125000","S","2022","250","500","","","","","07/13/2021 12:00:00 PM","07/26/2021 12:00:00 PM","08/09/2021 12:00:00 AM","09/06/2021 12:00:00 AM"
"Architecture","UG","CEPT FACULTY OF ARCHITECTURE","FCCFAR","2010","10","125000","125000","S","2022","250","500","","","","","07/13/2021 12:00:00 PM","07/26/2021 12:00:00 PM","08/09/2021 12:00:00 AM","09/06/2021 12:00:00 AM"
"Architecture","UG","CEPT FACULTY OF ARCHITECTURE","FCCFAR","2011","10","125000","125000","S","2022","250","500","","","","","07/13/2021 12:00:00 PM","07/26/2021 12:00:00 PM","08/09/2021 12:00:00 AM","09/06/2021 12:00:00 AM"
"Architecture","UG","CEPT FACULTY OF ARCHITECTURE","FCCFAR","2012","10","125000","125000","S","2022","250","500","","","","","07/13/2021 12:00:00 PM","07/26/2021 12:00:00 PM","08/09/2021 12:00:00 AM","09/06/2021 12:00:00 AM"
"Architecture","UG","CEPT FACULTY OF ARCHITECTURE","FCCFAR","2014","10","","130900","S","2022","250","500","32725","32725","32725","32725","07/13/2021 12:00:00 PM","07/26/2021 12:00:00 PM","08/09/2021 12:00:00 AM","09/06/2021 12:00:00 AM"
"Architecture","UG","CEPT FACULTY OF ARCHITECTURE","FCCFAR","2014","10","132400","","S","2022","250","500","33100","33100","33100","33100","07/13/2021 12:00:00 PM","07/26/2021 12:00:00 PM","08/09/2021 12:00:00 AM","09/06/2021 12:00:00 AM"
"Architecture","UG","CEPT FACULTY OF ARCHITECTURE","FCCFAR","2015","10","","123600","S","2022","250","500","30900","30900","30900","30900","07/13/2021 12:00:00 PM","07/26/2021 12:00:00 PM","08/09/2021 12:00:00 AM","09/06/2021 12:00:00 AM"
"Architecture","UG","CEPT FACULTY OF ARCHITECTURE","FCCFAR","2015","10","125100","","S","2022","250","500","31275","31275","31275","31275","07/13/2021 12:00:00 PM","07/26/2021 12:00:00 PM","08/09/2021 12:00:00 AM","09/06/2021 12:00:00 AM"
"Architecture","UG","CEPT FACULTY OF ARCHITECTURE","FCCFAR","2016","9","125000","125000","S","2022","250","500","31250","31250","31250","31250","07/13/2021 12:00:00 PM","07/26/2021 12:00:00 PM","08/09/2021 12:00:00 AM","09/06/2021 12:00:00 AM"
"Architecture","UG","CEPT FACULTY OF ARCHITECTURE","FCCFAR","2017","7","144000","144000","S","2022","250","500","36000","36000","36000","36000","07/13/2021 12:00:00 PM","07/26/2021 12:00:00 PM","08/09/2021 12:00:00 AM","09/06/2021 12:00:00 AM"
"Architecture","UG","CEPT FACULTY OF ARCHITECTURE","FCCFAR","2018","5","151000","151000","S","2022","250","500","37750","37750","37750","37750","07/13/2021 12:00:00 PM","07/26/2021 12:00:00 PM","08/09/2021 12:00:00 AM","09/06/2021 12:00:00 AM"
"Architecture","UG","CEPT FACULTY OF ARCHITECTURE","FCCFAR","2019","3","160000","160000","S","2022","250","500","40000","40000","40000","40000","07/13/2021 12:00:00 PM","07/26/2021 12:00:00 PM","08/09/2021 12:00:00 AM","09/06/2021 12:00:00 AM"
"Architecture","UG","CEPT FACULTY OF ARCHITECTURE","FCCFAR","2020","1","160000","160000","S","2022","250","500","40000","40000","40000","40000","07/13/2021 12:00:00 PM","07/26/2021 12:00:00 PM","08/09/2021 12:00:00 AM","09/06/2021 12:00:00 AM"
"Architecture","UG","CEPT FACULTY OF ARCHITECTURE","FCCFAR","2021","1","160000","160000","S","2022","250","500","40000","40000","40000","40000","07/13/2021 12:00:00 PM","07/26/2021 12:00:00 PM","08/09/2021 12:00:00 AM","09/06/2021 12:00:00 AM"
"Architecture","PG","CEPT FACULTY OF ARCHITECTURE","FCCFAR","2013","10","0","0","S","2022","250","500","","","","","07/13/2021 12:00:00 PM","07/26/2021 12:00:00 PM","08/09/2021 12:00:00 AM","09/06/2021 12:00:00 AM"
"Architecture","PG","CEPT FACULTY OF ARCHITECTURE","FCCFAR","2005","4","0","189000","S","2022","250","500","","","","","07/13/2021 12:00:00 PM","07/26/2021 12:00:00 PM","08/09/2021 12:00:00 AM","09/06/2021 12:00:00 AM"
"Architecture","PG","CEPT FACULTY OF ARCHITECTURE","FCCFAR","2014","10","0","0","S","2022","250","500","","","","","07/13/2021 12:00:00 PM","07/26/2021 12:00:00 PM","08/09/2021 12:00:00 AM","09/06/2021 12:00:00 AM"
"Architecture","PG","CEPT FACULTY OF ARCHITECTURE","FCCFAR","2015","8","0","0","S","2022","250","500","","","","","07/13/2021 12:00:00 PM","07/26/2021 12:00:00 PM","08/09/2021 12:00:00 AM","09/06/2021 12:00:00 AM"
"Architecture","PG","CEPT FACULTY OF ARCHITECTURE","FCCFAR","2016","6","0","0","S","2022","250","500","","","","","07/13/2021 12:00:00 PM","07/26/2021 12:00:00 PM","08/09/2021 12:00:00 AM","09/06/2021 12:00:00 AM"
"Architecture","PG","CEPT FACULTY OF ARCHITECTURE","FCCFAR","2017","4","0","0","S","2022","250","500","","","","","07/13/2021 12:00:00 PM","07/26/2021 12:00:00 PM","08/09/2021 12:00:00 AM","09/06/2021 12:00:00 AM"
"Architecture","PG","CEPT FACULTY OF ARCHITECTURE","FCCFAR","2018","5","180000","180000","S","2022","250","500","45000","45000","45000","45000","07/13/2021 12:00:00 PM","07/26/2021 12:00:00 PM","08/09/2021 12:00:00 AM","09/06/2021 12:00:00 AM"
"Architecture","PG","CEPT FACULTY OF ARCHITECTURE","FCCFAR","2019","3","189000","189000","S","2022","250","500","47250","47250","47250","47250","07/13/2021 12:00:00 PM","07/26/2021 12:00:00 PM","08/09/2021 12:00:00 AM","09/06/2021 12:00:00 AM"
"Architecture","PG","CEPT FACULTY OF ARCHITECTURE","FCCFAR","2020","1","189000","189000","S","2022","250","500","47250","47250","47250","47250","07/13/2021 12:00:00 PM","07/26/2021 12:00:00 PM","08/09/2021 12:00:00 AM","09/06/2021 12:00:00 AM"
"Architecture","PG","CEPT FACULTY OF ARCHITECTURE","FCCFAR","2021","1","189000","189000","S","2022","250","500","51000","46000","46000","46000","07/13/2021 12:00:00 PM","07/26/2021 12:00:00 PM","08/09/2021 12:00:00 AM","09/06/2021 12:00:00 AM"
"Architecture","Doctoral","CEPT FACULTY OF ARCHITECTURE","FCCFAR","2014","10","0","","S","2022","250","500","0","11050","11050","11050","07/13/2021 12:00:00 PM","07/26/2021 12:00:00 PM","08/09/2021 12:00:00 AM","09/06/2021 12:00:00 AM"
"Architecture","Doctoral","CEPT FACULTY OF ARCHITECTURE","FCCFAR","2014","10","","44200","S","2022","250","500","11050","11050","11050","11050","07/13/2021 12:00:00 PM","07/26/2021 12:00:00 PM","08/09/2021 12:00:00 AM","09/06/2021 12:00:00 AM"
"Architecture","Doctoral","CEPT  FACULTY OF ARCHITECTURE","FCCFAR","2015","8","0","","S","2022","250","500","0","11050","11050","11050","07/13/2021 12:00:00 PM","07/26/2021 12:00:00 PM","08/09/2021 12:00:00 AM","09/06/2021 12:00:00 AM"
"Architecture","Doctoral","CEPT  FACULTY OF ARCHITECTURE","FCCFAR","2015","8","","44200","S","2022","250","500","11050","11050","11050","11050","07/13/2021 12:00:00 PM","07/26/2021 12:00:00 PM","08/09/2021 12:00:00 AM","09/06/2021 12:00:00 AM"
"Architecture","Doctoral","CEPT  FACULTY OF ARCHITECTURE","FCCFAR","2016","6","0","","S","2022","250","500","0","11050","11050","11050","07/13/2021 12:00:00 PM","07/26/2021 12:00:00 PM","08/09/2021 12:00:00 AM","09/06/2021 12:00:00 AM"
"Architecture","Doctoral","CEPT  FACULTY OF ARCHITECTURE","FCCFAR","2016","6","","44200","S","2022","250","500","11050","11050","11050","11050","07/13/2021 12:00:00 PM","07/26/2021 12:00:00 PM","08/09/2021 12:00:00 AM","09/06/2021 12:00:00 AM"
"Architecture","Doctoral","CEPT FACULTY OF ARCHITECTURE","FCCFAR","2017","4","0","","S","2022","250","500","0","22100","22100","22100","07/13/2021 12:00:00 PM","07/26/2021 12:00:00 PM","08/09/2021 12:00:00 AM","09/06/2021 12:00:00 AM"
"Architecture","Doctoral","CEPT FACULTY OF ARCHITECTURE","FCCFAR","2017","4","","88400","S","2022","250","500","22100","22100","22100","22100","07/13/2021 12:00:00 PM","07/26/2021 12:00:00 PM","08/09/2021 12:00:00 AM","09/06/2021 12:00:00 AM"
"Architecture","Doctoral","CEPT FACULTY OF ARCHITECTURE","FCCFAR","2018","2","0","","S","2022","250","500","0","2500","2500","2500","07/13/2021 12:00:00 PM","07/26/2021 12:00:00 PM","08/09/2021 12:00:00 AM","09/06/2021 12:00:00 AM"
"Architecture","Doctoral","CEPT FACULTY OF ARCHITECTURE","FCCFAR","2018","2","","10000","S","2022","250","500","2500","2500","2500","2500","07/13/2021 12:00:00 PM","07/26/2021 12:00:00 PM","08/09/2021 12:00:00 AM","09/06/2021 12:00:00 AM"
"Architecture","Doctoral","CEPT FACULTY OF ARCHITECTURE","FCCFAR","2019","4","95000","95000","S","2022","250","500","23750","23750","23750","23750","07/13/2021 12:00:00 PM","07/26/2021 12:00:00 PM","08/09/2021 12:00:00 AM","09/06/2021 12:00:00 AM"
"Architecture","Doctoral","CEPT FACULTY OF ARCHITECTURE","FCCFAR","2020","4","95000","95000","S","2022","250","500","23750","23750","23750","23750","07/13/2021 12:00:00 PM","07/26/2021 12:00:00 PM","08/09/2021 12:00:00 AM","09/06/2021 12:00:00 AM"
"Architecture","Doctoral","CEPT FACULTY OF ARCHITECTURE","FCCFAR","2021","4","95000","95000","S","2022","250","500","23750","23750","23750","23750","07/13/2021 12:00:00 PM","07/26/2021 12:00:00 PM","08/09/2021 12:00:00 AM","09/06/2021 12:00:00 AM"
"Design","UG","CEPT FACULTY OF DESIGN","FCCEFD","2013","10","0","0","S","2022","250","500","","","","","07/13/2021 12:00:00 PM","07/26/2021 12:00:00 PM","08/09/2021 12:00:00 AM","09/06/2021 12:00:00 AM"
"Design","UG","CEPT FACULTY OF DESIGN","FCCEFD","1999","10","125000","125000","S","2022","250","500","","","","","07/13/2021 12:00:00 PM","07/26/2021 12:00:00 PM","08/09/2021 12:00:00 AM","09/06/2021 12:00:00 AM"
"Design","UG","CEPT FACULTY OF DESIGN","FCCEFD","2000","10","","125000","S","2022","250","500","","","","","07/13/2021 12:00:00 PM","07/26/2021 12:00:00 PM","08/09/2021 12:00:00 AM","09/06/2021 12:00:00 AM"
"Design","UG","CEPT FACULTY OF DESIGN","FCCEFD","2000","10","125000","","S","2022","250","500","","","","","07/13/2021 12:00:00 PM","07/26/2021 12:00:00 PM","08/09/2021 12:00:00 AM","09/06/2021 12:00:00 AM"
"Design","UG","CEPT FACULTY OF DESIGN","FCCEFD","2001","10","125000","125000","S","2022","250","500","","","","","07/13/2021 12:00:00 PM","07/26/2021 12:00:00 PM","08/09/2021 12:00:00 AM","09/06/2021 12:00:00 AM"
"Design","UG","CEPT FACULTY OF DESIGN","FCCEFD","2002","10","125000","125000","S","2022","250","500","","","","","07/13/2021 12:00:00 PM","07/26/2021 12:00:00 PM","08/09/2021 12:00:00 AM","09/06/2021 12:00:00 AM"
"Design","UG","CEPT FACULTY OF DESIGN","FCCEFD","2003","10","125000","125000","S","2022","250","500","","","","","07/13/2021 12:00:00 PM","07/26/2021 12:00:00 PM","08/09/2021 12:00:00 AM","09/06/2021 12:00:00 AM"
"Design","UG","CEPT FACULTY OF DESIGN","FCCEFD","2004","10","125000","125000","S","2022","250","500","","","","","07/13/2021 12:00:00 PM","07/26/2021 12:00:00 PM","08/09/2021 12:00:00 AM","09/06/2021 12:00:00 AM"
"Design","UG","CEPT FACULTY OF DESIGN","FCCEFD","2005","10","125000","125000","S","2022","250","500","","","","","07/13/2021 12:00:00 PM","07/26/2021 12:00:00 PM","08/09/2021 12:00:00 AM","09/06/2021 12:00:00 AM"
"Design","UG","CEPT FACULTY OF DESIGN","FCCEFD","2006","10","125000","125000","S","2022","250","500","","","","","07/13/2021 12:00:00 PM","07/26/2021 12:00:00 PM","08/09/2021 12:00:00 AM","09/06/2021 12:00:00 AM"
"Design","UG","CEPT FACULTY OF DESIGN","FCCEFD","2007","10","125000","125000","S","2022","250","500","","","","","07/13/2021 12:00:00 PM","07/26/2021 12:00:00 PM","08/09/2021 12:00:00 AM","09/06/2021 12:00:00 AM"
"Design","UG","CEPT FACULTY OF DESIGN","FCCEFD","2008","10","125000","125000","S","2022","250","500","","","","","07/13/2021 12:00:00 PM","07/26/2021 12:00:00 PM","08/09/2021 12:00:00 AM","09/06/2021 12:00:00 AM"
"Design","UG","CEPT FACULTY OF DESIGN","FCCEFD","2009","10","125000","125000","S","2022","250","500","","","","","07/13/2021 12:00:00 PM","07/26/2021 12:00:00 PM","08/09/2021 12:00:00 AM","09/06/2021 12:00:00 AM"
"Design","UG","CEPT FACULTY OF DESIGN","FCCEFD","2010","10","125000","125000","S","2022","250","500","","","","","07/13/2021 12:00:00 PM","07/26/2021 12:00:00 PM","08/09/2021 12:00:00 AM","09/06/2021 12:00:00 AM"
"Design","UG","CEPT FACULTY OF DESIGN","FCCEFD","2011","10","125000","125000","S","2022","250","500","","","","","07/13/2021 12:00:00 PM","07/26/2021 12:00:00 PM","08/09/2021 12:00:00 AM","09/06/2021 12:00:00 AM"
"Design","UG","CEPT FACULTY OF DESIGN","FCCEFD","2012","10","125000","125000","S","2022","250","500","","","","","07/13/2021 12:00:00 PM","07/26/2021 12:00:00 PM","08/09/2021 12:00:00 AM","09/06/2021 12:00:00 AM"
"Design","UG","CEPT FACULTY OF DESIGN","FCCEFD","2014","10","","130900","S","2022","250","500","32725","32725","32725","32725","07/13/2021 12:00:00 PM","07/26/2021 12:00:00 PM","08/09/2021 12:00:00 AM","09/06/2021 12:00:00 AM"
"Design","UG","CEPT FACULTY OF DESIGN","FCCEFD","2014","10","132400","","S","2022","250","500","33100","33100","33100","33100","07/13/2021 12:00:00 PM","07/26/2021 12:00:00 PM","08/09/2021 12:00:00 AM","09/06/2021 12:00:00 AM"
"Design","UG","CEPT FACULTY OF DESIGN","FCCEFD","2015","10","","123600","S","2022","250","500","30900","30900","30900","30900","07/13/2021 12:00:00 PM","07/26/2021 12:00:00 PM","08/09/2021 12:00:00 AM","09/06/2021 12:00:00 AM"
"Design","UG","CEPT FACULTY OF DESIGN","FCCEFD","2015","10","125100","","S","2022","250","500","31275","31275","31275","31275","07/13/2021 12:00:00 PM","07/26/2021 12:00:00 PM","08/09/2021 12:00:00 AM","09/06/2021 12:00:00 AM"
"Design","UG","CEPT FACULTY OF DESIGN","FCCEFD","2016","9","125000","125000","S","2022","250","500","31250","31250","31250","31250","07/13/2021 12:00:00 PM","07/26/2021 12:00:00 PM","08/09/2021 12:00:00 AM","09/06/2021 12:00:00 AM"
"Design","UG","CEPT FACULTY OF DESIGN","FCCEFD","2017","9","144000","144000","S","2022","250","500","36000","36000","36000","36000","07/13/2021 12:00:00 PM","07/26/2021 12:00:00 PM","08/09/2021 12:00:00 AM","09/06/2021 12:00:00 AM"
"Design","UG","CEPT FACULTY OF DESIGN","FCCEFD","2018","5","151000","151000","S","2022","250","500","37750","37750","37750","37750","07/13/2021 12:00:00 PM","07/26/2021 12:00:00 PM","08/09/2021 12:00:00 AM","09/06/2021 12:00:00 AM"
"Design","UG","CEPT FACULTY OF DESIGN","FCCEFD","2019","3","160000","160000","S","2022","250","500","40000","40000","40000","40000","07/13/2021 12:00:00 PM","07/26/2021 12:00:00 PM","08/09/2021 12:00:00 AM","09/06/2021 12:00:00 AM"
"Design","UG","CEPT FACULTY OF DESIGN","FCCEFD","2020","1","160000","160000","S","2022","250","500","40000","40000","40000","40000","07/13/2021 12:00:00 PM","07/26/2021 12:00:00 PM","08/09/2021 12:00:00 AM","09/06/2021 12:00:00 AM"
"Design","UG","CEPT FACULTY OF DESIGN","FCCEFD","2020","3","160000","","S","2022","","","40000","40000","40000","40000","07/13/2021 12:00:00 PM","07/26/2021 12:00:00 PM","08/09/2021 12:00:00 AM","09/06/2021 12:00:00 AM"
"Design","UG","CEPT FACULTY OF DESIGN","FCCEFD","2021","1","160000","160000","S","2022","250","500","40000","40000","40000","40000","07/13/2021 12:00:00 PM","07/26/2021 12:00:00 PM","08/09/2021 12:00:00 AM","09/06/2021 12:00:00 AM"
"Design","UG","CEPT FACULTY OF DESIGN","FCCEFD","2021","3","160000","","S","2022","250","500","40000","40000","40000","40000","07/13/2021 12:00:00 PM","07/26/2021 12:00:00 PM","08/09/2021 12:00:00 AM","09/06/2021 12:00:00 AM"
"Design","PG","CEPT FACULTY OF DESIGN","FCCEFD","2013","10","0","0","S","2022","250","500","","","","","07/13/2021 12:00:00 PM","07/26/2021 12:00:00 PM","08/09/2021 12:00:00 AM","09/06/2021 12:00:00 AM"
"Design","PG","CEPT FACULTY OF DESIGN","FCCEFD","2014","10","0","0","S","2022","250","500","","","","","07/13/2021 12:00:00 PM","07/26/2021 12:00:00 PM","08/09/2021 12:00:00 AM","09/06/2021 12:00:00 AM"
"Design","PG","CEPT FACULTY OF DESIGN","FCCEFD","2015","8","0","0","S","2022","250","500","","","","","07/13/2021 12:00:00 PM","07/26/2021 12:00:00 PM","08/09/2021 12:00:00 AM","09/06/2021 12:00:00 AM"
"Design","PG","CEPT FACULTY OF DESIGN","FCCEFD","2016","6","0","0","S","2022","250","500","","","","","07/13/2021 12:00:00 PM","07/26/2021 12:00:00 PM","08/09/2021 12:00:00 AM","09/06/2021 12:00:00 AM"
"Design","PG","CEPT FACULTY OF DESIGN","FCCEFD","2017","4","0","0","S","2022","250","500","","","","","07/13/2021 12:00:00 PM","07/26/2021 12:00:00 PM","08/09/2021 12:00:00 AM","09/06/2021 12:00:00 AM"
"Design","PG","CEPT FACULTY OF DESIGN","FCCEFD","2018","5","180000","180000","S","2022","250","500","45000","45000","45000","45000","07/13/2021 12:00:00 PM","07/26/2021 12:00:00 PM","08/09/2021 12:00:00 AM","09/06/2021 12:00:00 AM"
"Design","PG","CEPT FACULTY OF DESIGN","FCCEFD","2019","3","189000","189000","S","2022","250","500","47250","47250","47250","47250","07/13/2021 12:00:00 PM","07/26/2021 12:00:00 PM","08/09/2021 12:00:00 AM","09/06/2021 12:00:00 AM"
"Design","PG","CEPT FACULTY OF DESIGN","FCCEFD","2020","1","189000","189000","S","2022","250","500","47250","47250","47250","47250","07/13/2021 12:00:00 PM","07/26/2021 12:00:00 PM","08/09/2021 12:00:00 AM","09/06/2021 12:00:00 AM"
"Design","PG","CEPT FACULTY OF DESIGN","FCCEFD","2021","1","189000","189000","S","2022","250","500","51000","46000","46000","46000","07/13/2021 12:00:00 PM","07/26/2021 12:00:00 PM","08/09/2021 12:00:00 AM","09/06/2021 12:00:00 AM"
"Management","PG","CEPT FACULTY OF MANAGEMENT","FCCFOM","2013","10","0","0","S","2022","250","500","","","","","07/13/2021 12:00:00 PM","07/26/2021 12:00:00 PM","08/09/2021 12:00:00 AM","09/06/2021 12:00:00 AM"
"Management","PG","CEPT FACULTY OF MANAGEMENT","FCCFOM","2014","10","0","0","S","2022","250","500","","","","","07/13/2021 12:00:00 PM","07/26/2021 12:00:00 PM","08/09/2021 12:00:00 AM","09/06/2021 12:00:00 AM"
"Management","PG","CEPT FACULTY OF MANAGEMENT","FCCFOM","2015","8","0","0","S","2022","250","500","","","","","07/13/2021 12:00:00 PM","07/26/2021 12:00:00 PM","08/09/2021 12:00:00 AM","09/06/2021 12:00:00 AM"
"Management","PG","CEPT FACULTY OF MANAGEMENT","FCCFOM","2016","6","0","0","S","2022","250","500","","","","","07/13/2021 12:00:00 PM","07/26/2021 12:00:00 PM","08/09/2021 12:00:00 AM","09/06/2021 12:00:00 AM"
"Management","PG","CEPT FACULTY OF MANAGEMENT","FCCFOM","2017","4","0","0","S","2022","250","500","","","","","07/13/2021 12:00:00 PM","07/26/2021 12:00:00 PM","08/09/2021 12:00:00 AM","09/06/2021 12:00:00 AM"
"Management","PG","CEPT FACULTY OF MANAGEMENT","FCCFOM","2018","5","180000","180000","S","2022","250","500","45000","45000","45000","45000","07/13/2021 12:00:00 PM","07/26/2021 12:00:00 PM","08/09/2021 12:00:00 AM","09/06/2021 12:00:00 AM"
"Management","PG","CEPT FACULTY OF MANAGEMENT","FCCFOM","2019","3","189000","189000","S","2022","250","500","47250","47250","47250","47250","07/13/2021 12:00:00 PM","07/26/2021 12:00:00 PM","08/09/2021 12:00:00 AM","09/06/2021 12:00:00 AM"
"Management","PG","CEPT FACULTY OF MANAGEMENT","FCCFOM","2020","1","189000","189000","S","2022","250","500","47250","47250","47250","47250","07/13/2021 12:00:00 PM","07/26/2021 12:00:00 PM","08/09/2021 12:00:00 AM","09/06/2021 12:00:00 AM"
"Management","PG","CEPT FACULTY OF MANAGEMENT","FCCFOM","2021","1","189000","189000","S","2022","250","500","51000","46000","46000","46000","07/13/2021 12:00:00 PM","07/26/2021 12:00:00 PM","08/09/2021 12:00:00 AM","09/06/2021 12:00:00 AM"
"Planning","UG","CEPT FACULTY OF PLANNING","FCCFOP","2013","10","0","0","S","2022","250","500","","","","","07/13/2021 12:00:00 PM","07/26/2021 12:00:00 PM","08/09/2021 12:00:00 AM","09/06/2021 12:00:00 AM"
"Planning","UG","CEPT FACULTY OF PLANNING","FCCFOP","2011","10","125000","125000","S","2022","250","500","","","","","07/13/2021 12:00:00 PM","07/26/2021 12:00:00 PM","08/09/2021 12:00:00 AM","09/06/2021 12:00:00 AM"
"Planning","UG","CEPT FACULTY OF PLANNING","FCCFOP","2012","10","125000","125000","S","2022","250","500","","","","","07/13/2021 12:00:00 PM","07/26/2021 12:00:00 PM","08/09/2021 12:00:00 AM","09/06/2021 12:00:00 AM"
"Planning","UG","CEPT FACULTY OF PLANNING","FCCFOP","2016","9","182800","182800","S","2022","250","500","45700","45700","45700","45700","07/13/2021 12:00:00 PM","07/26/2021 12:00:00 PM","08/09/2021 12:00:00 AM","09/06/2021 12:00:00 AM"
"Planning","UG","CEPT FACULTY OF PLANNING","FCCFOP","2017","7","200400","200400","S","2022","250","500","50100","44525","44525","44525","07/13/2021 12:00:00 PM","07/26/2021 12:00:00 PM","08/09/2021 12:00:00 AM","09/06/2021 12:00:00 AM"
"Planning","UG","CEPT FACULTY OF PLANNING","FCCFOP","2018","5","151000","151000","S","2022","250","500","37750","37750","37750","37750","07/13/2021 12:00:00 PM","07/26/2021 12:00:00 PM","08/09/2021 12:00:00 AM","09/06/2021 12:00:00 AM"
"Planning","UG","CEPT FACULTY OF PLANNING","FCCFOP","2019","3","160000","160000","S","2022","250","500","40000","40000","40000","40000","07/13/2021 12:00:00 PM","07/26/2021 12:00:00 PM","08/09/2021 12:00:00 AM","09/06/2021 12:00:00 AM"
"Planning","UG","CEPT FACULTY OF PLANNING","FCCFOP","2020","1","160000","160000","S","2022","250","500","40000","40000","40000","40000","07/13/2021 12:00:00 PM","07/26/2021 12:00:00 PM","08/09/2021 12:00:00 AM","09/06/2021 12:00:00 AM"
"Planning","UG","CEPT FACULTY OF PLANNING","FCCFOP","2021","1","160000","160000","S","2022","250","500","40000","40000","40000","40000","07/13/2021 12:00:00 PM","07/26/2021 12:00:00 PM","08/09/2021 12:00:00 AM","09/06/2021 12:00:00 AM"
"Planning","PG","CEPT FACULTY OF PLANNING","FCCFOP","2013","10","0","0","S","2022","250","500","","","","","07/13/2021 12:00:00 PM","07/26/2021 12:00:00 PM","08/09/2021 12:00:00 AM","09/06/2021 12:00:00 AM"
"Planning","PG","CEPT FACULTY OF PLANNING","FCCFOP","2014","10","0","0","S","2022","250","500","","","","","07/13/2021 12:00:00 PM","07/26/2021 12:00:00 PM","08/09/2021 12:00:00 AM","09/06/2021 12:00:00 AM"
"Planning","PG","CEPT FACULTY OF PLANNING","FCCFOP","2015","8","0","0","S","2022","250","500","","","","","07/13/2021 12:00:00 PM","07/26/2021 12:00:00 PM","08/09/2021 12:00:00 AM","09/06/2021 12:00:00 AM"
"Planning","PG","CEPT FACULTY OF PLANNING","FCCFOP","2016","6","0","0","S","2022","250","500","","","","","07/13/2021 12:00:00 PM","07/26/2021 12:00:00 PM","08/09/2021 12:00:00 AM","09/06/2021 12:00:00 AM"
"Planning","PG","CEPT FACULTY OF PLANNING","FCCFOP","2017","4","0","0","S","2022","250","500","","","","","07/13/2021 12:00:00 PM","07/26/2021 12:00:00 PM","08/09/2021 12:00:00 AM","09/06/2021 12:00:00 AM"
"Planning","PG","CEPT FACULTY OF PLANNING","FCCFOP","2018","5","180000","180000","S","2022","250","500","45000","45000","45000","45000","07/13/2021 12:00:00 PM","07/26/2021 12:00:00 PM","08/09/2021 12:00:00 AM","09/06/2021 12:00:00 AM"
"Planning","PG","CEPT FACULTY OF PLANNING","FCCFOP","2019","3","189000","189000","S","2022","250","500","47250","47250","47250","47250","07/13/2021 12:00:00 PM","07/26/2021 12:00:00 PM","08/09/2021 12:00:00 AM","09/06/2021 12:00:00 AM"
"Planning","PG","CEPT FACULTY OF PLANNING","FCCFOP","2020","1","189000","189000","S","2022","250","500","47250","47250","47250","47250","07/13/2021 12:00:00 PM","07/26/2021 12:00:00 PM","08/09/2021 12:00:00 AM","09/06/2021 12:00:00 AM"
"Planning","PG","CEPT FACULTY OF PLANNING","FCCFOP","2021","1","189000","189000","S","2022","250","500","51000","46000","46000","46000","07/13/2021 12:00:00 PM","07/26/2021 12:00:00 PM","08/09/2021 12:00:00 AM","09/06/2021 12:00:00 AM"
"Planning","Doctoral","CEPT  FACULTY OF PLANNING","FCCFOP","2006","4","0","0","S","2022","250","500","0","0","0","0","07/13/2021 12:00:00 PM","07/26/2021 12:00:00 PM","08/09/2021 12:00:00 AM","09/06/2021 12:00:00 AM"
"Planning","Doctoral","CEPT  FACULTY OF PLANNING","FCCFOP","2015","8","44200","44200","S","2022","250","500","11050","11050","11050","11050","07/13/2021 12:00:00 PM","07/26/2021 12:00:00 PM","08/09/2021 12:00:00 AM","09/06/2021 12:00:00 AM"
"Planning","Doctoral","CEPT  FACULTY OF PLANNING","FCCFOP","2016","6","44200","44200","S","2022","250","500","11050","11050","11050","11050","07/13/2021 12:00:00 PM","07/26/2021 12:00:00 PM","08/09/2021 12:00:00 AM","09/06/2021 12:00:00 AM"
"Planning","Doctoral","CEPT FACULTY OF PLANNING","FCCFOP","2017","4","0","","S","2022","250","500","0","22100","22100","22100","07/13/2021 12:00:00 PM","07/26/2021 12:00:00 PM","08/09/2021 12:00:00 AM","09/06/2021 12:00:00 AM"
"Planning","Doctoral","CEPT FACULTY OF PLANNING","FCCFOP","2017","4","","88400","S","2022","250","500","22100","22100","22100","22100","07/13/2021 12:00:00 PM","07/26/2021 12:00:00 PM","08/09/2021 12:00:00 AM","09/06/2021 12:00:00 AM"
"Planning","Doctoral","CEPT FACULTY OF PLANNING","FCCFOP","2018","2","0","","S","2022","250","500","0","2500","2500","2500","07/13/2021 12:00:00 PM","07/26/2021 12:00:00 PM","08/09/2021 12:00:00 AM","09/06/2021 12:00:00 AM"
"Planning","Doctoral","CEPT FACULTY OF PLANNING","FCCFOP","2018","2","","10000","S","2022","250","500","2500","2500","2500","2500","07/13/2021 12:00:00 PM","07/26/2021 12:00:00 PM","08/09/2021 12:00:00 AM","09/06/2021 12:00:00 AM"
"Planning","Doctoral","CEPT FACULTY OF PLANNING","FCCFOP","2019","4","0","","S","2022","250","500","0","23750","23750","23750","07/13/2021 12:00:00 PM","07/26/2021 12:00:00 PM","08/09/2021 12:00:00 AM","09/06/2021 12:00:00 AM"
"Planning","Doctoral","CEPT FACULTY OF PLANNING","FCCFOP","2019","4","","95000","S","2022","250","500","23750","23750","23750","23750","07/13/2021 12:00:00 PM","07/26/2021 12:00:00 PM","08/09/2021 12:00:00 AM","09/06/2021 12:00:00 AM"
"Planning","Doctoral","CEPT FACULTY OF PLANNING","FCCFOP","2020","4","0","","S","2022","250","500","0","23750","23750","23750","07/13/2021 12:00:00 PM","07/26/2021 12:00:00 PM","08/09/2021 12:00:00 AM","09/06/2021 12:00:00 AM"
"Planning","Doctoral","CEPT FACULTY OF PLANNING","FCCFOP","2020","4","","95000","S","2022","250","500","23750","23750","23750","23750","07/13/2021 12:00:00 PM","07/26/2021 12:00:00 PM","08/09/2021 12:00:00 AM","09/06/2021 12:00:00 AM"
"Planning","Doctoral","CEPT FACULTY OF PLANNING","FCCFOP","2021","4","0","0","S","2022","250","500","0","23750","23750","23750","07/13/2021 12:00:00 PM","07/26/2021 12:00:00 PM","08/09/2021 12:00:00 AM","09/06/2021 12:00:00 AM"
"Technology","UG","CEPT FACULTY OF TECHNOLOGY","FCCPFT","2013","10","0","0","S","2022","250","500","","","","","07/13/2021 12:00:00 PM","07/26/2021 12:00:00 PM","08/09/2021 12:00:00 AM","09/06/2021 12:00:00 AM"
"Technology","UG","CEPT FACULTY OF TECHNOLOGY","FCCPFT","1999","10","125000","125000","S","2022","250","500","","","","","07/13/2021 12:00:00 PM","07/26/2021 12:00:00 PM","08/09/2021 12:00:00 AM","09/06/2021 12:00:00 AM"
"Technology","UG","CEPT FACULTY OF TECHNOLOGY","FCCPFT","2000","10","125000","125000","S","2022","250","500","","","","","07/13/2021 12:00:00 PM","07/26/2021 12:00:00 PM","08/09/2021 12:00:00 AM","09/06/2021 12:00:00 AM"
"Technology","UG","CEPT FACULTY OF TECHNOLOGY","FCCPFT","2001","10","125000","125000","S","2022","250","500","","","","","07/13/2021 12:00:00 PM","07/26/2021 12:00:00 PM","08/09/2021 12:00:00 AM","09/06/2021 12:00:00 AM"
"Technology","UG","CEPT FACULTY OF TECHNOLOGY","FCCPFT","2002","10","125000","125000","S","2022","250","500","","","","","07/13/2021 12:00:00 PM","07/26/2021 12:00:00 PM","08/09/2021 12:00:00 AM","09/06/2021 12:00:00 AM"
"Technology","UG","CEPT FACULTY OF TECHNOLOGY","FCCPFT","2003","10","125000","125000","S","2022","250","500","","","","","07/13/2021 12:00:00 PM","07/26/2021 12:00:00 PM","08/09/2021 12:00:00 AM","09/06/2021 12:00:00 AM"
"Technology","UG","CEPT FACULTY OF TECHNOLOGY","FCCPFT","2004","10","125000","125000","S","2022","250","500","","","","","07/13/2021 12:00:00 PM","07/26/2021 12:00:00 PM","08/09/2021 12:00:00 AM","09/06/2021 12:00:00 AM"
"Technology","UG","CEPT FACULTY OF TECHNOLOGY","FCCPFT","2005","10","125000","125000","S","2022","250","500","","","","","07/13/2021 12:00:00 PM","07/26/2021 12:00:00 PM","08/09/2021 12:00:00 AM","09/06/2021 12:00:00 AM"
"Technology","UG","CEPT FACULTY OF TECHNOLOGY","FCCPFT","2006","10","125000","125000","S","2022","250","500","","","","","07/13/2021 12:00:00 PM","07/26/2021 12:00:00 PM","08/09/2021 12:00:00 AM","09/06/2021 12:00:00 AM"
"Technology","UG","CEPT FACULTY OF TECHNOLOGY","FCCPFT","2007","10","125000","125000","S","2022","250","500","","","","","07/13/2021 12:00:00 PM","07/26/2021 12:00:00 PM","08/09/2021 12:00:00 AM","09/06/2021 12:00:00 AM"
"Technology","UG","CEPT FACULTY OF TECHNOLOGY","FCCPFT","2008","10","125000","125000","S","2022","250","500","","","","","07/13/2021 12:00:00 PM","07/26/2021 12:00:00 PM","08/09/2021 12:00:00 AM","09/06/2021 12:00:00 AM"
"Technology","UG","CEPT FACULTY OF TECHNOLOGY","FCCPFT","2009","10","125000","125000","S","2022","250","500","","","","","07/13/2021 12:00:00 PM","07/26/2021 12:00:00 PM","08/09/2021 12:00:00 AM","09/06/2021 12:00:00 AM"
"Technology","UG","CEPT FACULTY OF TECHNOLOGY","FCCPFT","2010","10","125000","125000","S","2022","250","500","","","","","07/13/2021 12:00:00 PM","07/26/2021 12:00:00 PM","08/09/2021 12:00:00 AM","09/06/2021 12:00:00 AM"
"Technology","UG","CEPT FACULTY OF TECHNOLOGY","FCCPFT","2011","10","125000","125000","S","2022","250","500","","","","","07/13/2021 12:00:00 PM","07/26/2021 12:00:00 PM","08/09/2021 12:00:00 AM","09/06/2021 12:00:00 AM"
"Technology","UG","CEPT FACULTY OF TECHNOLOGY","FCCPFT","2012","10","125000","125000","S","2022","250","500","","","","","07/13/2021 12:00:00 PM","07/26/2021 12:00:00 PM","08/09/2021 12:00:00 AM","09/06/2021 12:00:00 AM"
"Technology","UG","CEPT FACULTY OF TECHNOLOGY","FCCPFT","2014","10","","130900","S","2022","250","500","32725","32725","32725","32725","07/13/2021 12:00:00 PM","07/26/2021 12:00:00 PM","08/09/2021 12:00:00 AM","09/06/2021 12:00:00 AM"
"Technology","UG","CEPT FACULTY OF TECHNOLOGY","FCCPFT","2014","10","132400","","S","2022","250","500","33100","33100","33100","33100","07/13/2021 12:00:00 PM","07/26/2021 12:00:00 PM","08/09/2021 12:00:00 AM","09/06/2021 12:00:00 AM"
"Technology","UG","CEPT FACULTY OF TECHNOLOGY","FCCPFT","2015","10","","123600","S","2022","250","500","30900","30900","30900","30900","07/13/2021 12:00:00 PM","07/26/2021 12:00:00 PM","08/09/2021 12:00:00 AM","09/06/2021 12:00:00 AM"
"Technology","UG","CEPT FACULTY OF TECHNOLOGY","FCCPFT","2015","10","125100","","S","2022","250","500","31275","31275","31275","31275","07/13/2021 12:00:00 PM","07/26/2021 12:00:00 PM","08/09/2021 12:00:00 AM","09/06/2021 12:00:00 AM"
"Technology","UG","CEPT FACULTY OF TECHNOLOGY","FCCPFT","2016","9","125000","125000","S","2022","250","500","31250","31250","31250","31250","07/13/2021 12:00:00 PM","07/26/2021 12:00:00 PM","08/09/2021 12:00:00 AM","09/06/2021 12:00:00 AM"
"Technology","UG","CEPT FACULTY OF TECHNOLOGY","FCCPFT","2017","7","144000","144000","S","2022","250","500","36000","36000","36000","36000","07/13/2021 12:00:00 PM","07/26/2021 12:00:00 PM","08/09/2021 12:00:00 AM","09/06/2021 12:00:00 AM"
"Technology","UG","CEPT FACULTY OF TECHNOLOGY","FCCPFT","2018","7","151000","151000","S","2022","250","500","37750","37750","37750","37750","07/13/2021 12:00:00 PM","07/26/2021 12:00:00 PM","08/09/2021 12:00:00 AM","09/06/2021 12:00:00 AM"
"Technology","UG","CEPT FACULTY OF TECHNOLOGY","FCCPFT","2019","3","160000","160000","S","2022","250","500","40000","40000","40000","40000","07/13/2021 12:00:00 PM","07/26/2021 12:00:00 PM","08/09/2021 12:00:00 AM","09/06/2021 12:00:00 AM"
"Technology","UG","CEPT FACULTY OF TECHNOLOGY","FCCPFT","2020","1","160000","160000","S","2022","250","500","40000","40000","40000","40000","07/13/2021 12:00:00 PM","07/26/2021 12:00:00 PM","08/09/2021 12:00:00 AM","09/06/2021 12:00:00 AM"
"Technology","UG","CEPT FACULTY OF TECHNOLOGY","FCCPFT","2021","1","160000","160000","S","2022","250","500","40000","40000","40000","40000","07/13/2021 12:00:00 PM","07/26/2021 12:00:00 PM","08/09/2021 12:00:00 AM","09/06/2021 12:00:00 AM"
"Technology","PG","CEPT FACULTY OF TECHNOLOGY","FCCPFT","2013","10","0","0","S","2022","250","500","","","","","07/13/2021 12:00:00 PM","07/26/2021 12:00:00 PM","08/09/2021 12:00:00 AM","09/06/2021 12:00:00 AM"
"Technology","PG","CEPT FACULTY OF TECHNOLOGY","FCCPFT","2014","10","0","0","S","2022","250","500","","","","","07/13/2021 12:00:00 PM","07/26/2021 12:00:00 PM","08/09/2021 12:00:00 AM","09/06/2021 12:00:00 AM"
"Technology","PG","CEPT FACULTY OF TECHNOLOGY","FCCPFT","2015","8","0","0","S","2022","250","500","","","","","07/13/2021 12:00:00 PM","07/26/2021 12:00:00 PM","08/09/2021 12:00:00 AM","09/06/2021 12:00:00 AM"
"Technology","PG","CEPT FACULTY OF TECHNOLOGY","FCCPFT","2016","6","0","0","S","2022","250","500","","","","","07/13/2021 12:00:00 PM","07/26/2021 12:00:00 PM","08/09/2021 12:00:00 AM","09/06/2021 12:00:00 AM"
"Technology","PG","CEPT FACULTY OF TECHNOLOGY","FCCPFT","2017","4","0","0","S","2022","250","500","","","","","07/13/2021 12:00:00 PM","07/26/2021 12:00:00 PM","08/09/2021 12:00:00 AM","09/06/2021 12:00:00 AM"
"Technology","PG","CEPT FACULTY OF TECHNOLOGY","FCCPFT","2018","5","93500","93500","S","2022","250","500","23375","23375","23375","23375","07/13/2021 12:00:00 PM","07/26/2021 12:00:00 PM","08/09/2021 12:00:00 AM","09/06/2021 12:00:00 AM"
"Technology","PG","CEPT FACULTY OF TECHNOLOGY","FCCPFT","2019","3","99000","99000","S","2022","250","500","24750","24750","24750","24750","07/13/2021 12:00:00 PM","07/26/2021 12:00:00 PM","08/09/2021 12:00:00 AM","09/06/2021 12:00:00 AM"
"Technology","PG","CEPT FACULTY OF TECHNOLOGY","FCCPFT","2020","1","99000","99000","S","2022","250","500","24750","24750","24750","24750","07/13/2021 12:00:00 PM","07/26/2021 12:00:00 PM","08/09/2021 12:00:00 AM","09/06/2021 12:00:00 AM"
"Technology","PG","CEPT FACULTY OF TECHNOLOGY","FCCPFT","2021","1","99000","99000","S","2022","250","500","51000","16000","16000","16000","07/13/2021 12:00:00 PM","07/26/2021 12:00:00 PM","08/09/2021 12:00:00 AM","09/06/2021 12:00:00 AM"