State,City,Pincode,Date,Item Code,Name,Rate,Unit Type
Andhra Pradesh ,Nagpur ,440001,6/18/2025,111,Broiler ,82,per Kg
Andhra Pradesh ,Amravati ,444601,6/19/2025,111,Broiler ,84,per Kg
Andhra Pradesh ,Yavatmal ,445001,6/20/2025,111,Broiler ,84,per Kg
Andhra Pradesh ,Vardha ,441601,6/21/2025,111,Broiler ,84,per Kg
Andhra Pradesh ,Gondia ,441614,6/22/2025,111,Broiler ,82,per Kg
Andhra Pradesh ,Chandrapur ,442401,6/23/2025,111,Broiler ,84,per Kg
Andhra Pradesh ,Buldhana ,443001,6/24/2025,111,Broiler ,84,per Kg
Andhra Pradesh ,Multai ,460661,6/25/2025,111,Broiler ,84,per Kg
Andhra Pradesh ,Seoni ,480661,6/26/2025,111,Broiler ,84,per Kg
